{
  "name": "tempDir",
  "isDirectory": true,
  "children": [
    {
      "name": "sample-1",
      "isDirectory": true,
      "children": [
        {
          "name": ".DS_Store",
          "isDirectory": false
        },
        {
          "name": "folder1",
          "isDirectory": true,
          "children": [
            {
              "name": "sample-5 (1).jpg",
              "isDirectory": false
            },
            {
              "name": "sample-5.webp",
              "isDirectory": false
            }
          ]
        },
        {
          "name": "folder2",
          "isDirectory": true,
          "children": [
            {
              "name": ".DS_Store",
              "isDirectory": false
            },
            {
              "name": "innerfolder",
              "isDirectory": true,
              "children": [
                {
                  "name": "sample-1.webp",
                  "isDirectory": false
                },
                {
                  "name": "sample-1_1.webp",
                  "isDirectory": false
                }
              ]
            },
            {
              "name": "sample-1.webp",
              "isDirectory": false
            },
            {
              "name": "sample-1_1.webp",
              "isDirectory": false
            }
          ]
        },
        {
          "name": "sample-1.webp",
          "isDirectory": false
        },
        {
          "name": "sample-1_1.webp",
          "isDirectory": false
        }
      ]
    }
  ]
}